code_id,barcode,name,qt_label,spec,price,enabled,svg_file,svg_path,png_file,png_path
001,6901234560015,Mineral Water 1,MINERAL_WATER_1,250ml,3.45,true,6901234560015_MINERAL_WATER_1.svg,D:\Document\college design\barcode_image_generator\output\barcodes\svg\6901234560015_MINERAL_WATER_1.svg,6901234560015_MINERAL_WATER_1.png,D:\Document\college design\barcode_image_generator\output\barcodes\png\6901234560015_MINERAL_WATER_1.png
002,6901234560022,Pure Milk 2,PURE_MILK_2,330ml,4.40,true,6901234560022_PURE_MILK_2.svg,D:\Document\college design\barcode_image_generator\output\barcodes\svg\6901234560022_PURE_MILK_2.svg,6901234560022_PURE_MILK_2.png,D:\Document\college design\barcode_image_generator\output\barcodes\png\6901234560022_PURE_MILK_2.png
003,6901234560039,Instant Noodles 3,INSTANT_NOODLES_3,500ml,5.35,true,6901234560039_INSTANT_NOODLES_3.svg,D:\Document\college design\barcode_image_generator\output\barcodes\svg\6901234560039_INSTANT_NOODLES_3.svg,6901234560039_INSTANT_NOODLES_3.png,D:\Document\college design\barcode_image_generator\output\barcodes\png\6901234560039_INSTANT_NOODLES_3.png
004,6901234560046,Red Bull 4,RED_BULL_4,1L,6.30,true,6901234560046_RED_BULL_4.svg,D:\Document\college design\barcode_image_generator\output\barcodes\svg\6901234560046_RED_BULL_4.svg,6901234560046_RED_BULL_4.png,D:\Document\college design\barcode_image_generator\output\barcodes\png\6901234560046_RED_BULL_4.png
005,6901234560053,Shampoo 5,SHAMPOO_5,1.5L,7.25,true,6901234560053_SHAMPOO_5.svg,D:\Document\college design\barcode_image_generator\output\barcodes\svg\6901234560053_SHAMPOO_5.svg,6901234560053_SHAMPOO_5.png,D:\Document\college design\barcode_image_generator\output\barcodes\png\6901234560053_SHAMPOO_5.png
006,6901234560060,Biscuits 6,BISCUITS_6,200g,8.20,true,6901234560060_BISCUITS_6.svg,D:\Document\college design\barcode_image_generator\output\barcodes\svg\6901234560060_BISCUITS_6.svg,6901234560060_BISCUITS_6.png,D:\Document\college design\barcode_image_generator\output\barcodes\png\6901234560060_BISCUITS_6.png
007,6901234560077,Potato Chips 7,POTATO_CHIPS_7,500g,9.15,true,6901234560077_POTATO_CHIPS_7.svg,D:\Document\college design\barcode_image_generator\output\barcodes\svg\6901234560077_POTATO_CHIPS_7.svg,6901234560077_POTATO_CHIPS_7.png,D:\Document\college design\barcode_image_generator\output\barcodes\png\6901234560077_POTATO_CHIPS_7.png
008,6901234560084,Green Tea 8,GREEN_TEA_8,750g,10.10,true,6901234560084_GREEN_TEA_8.svg,D:\Document\college design\barcode_image_generator\output\barcodes\svg\6901234560084_GREEN_TEA_8.svg,6901234560084_GREEN_TEA_8.png,D:\Document\college design\barcode_image_generator\output\barcodes\png\6901234560084_GREEN_TEA_8.png
009,6901234560091,Black Tea 9,BLACK_TEA_9,1kg,11.05,true,6901234560091_BLACK_TEA_9.svg,D:\Document\college design\barcode_image_generator\output\barcodes\svg\6901234560091_BLACK_TEA_9.svg,6901234560091_BLACK_TEA_9.png,D:\Document\college design\barcode_image_generator\output\barcodes\png\6901234560091_BLACK_TEA_9.png
010,6901234560107,Orange Juice 10,ORANGE_JUICE_10,12pcs,12.00,true,6901234560107_ORANGE_JUICE_10.svg,D:\Document\college design\barcode_image_generator\output\barcodes\svg\6901234560107_ORANGE_JUICE_10.svg,6901234560107_ORANGE_JUICE_10.png,D:\Document\college design\barcode_image_generator\output\barcodes\png\6901234560107_ORANGE_JUICE_10.png
011,6901234560114,Soy Milk 11,SOY_MILK_11,250ml,12.95,true,6901234560114_SOY_MILK_11.svg,D:\Document\college design\barcode_image_generator\output\barcodes\svg\6901234560114_SOY_MILK_11.svg,6901234560114_SOY_MILK_11.png,D:\Document\college design\barcode_image_generator\output\barcodes\png\6901234560114_SOY_MILK_11.png
012,6901234560121,Yogurt Drink 12,YOGURT_DRINK_12,330ml,13.90,true,6901234560121_YOGURT_DRINK_12.svg,D:\Document\college design\barcode_image_generator\output\barcodes\svg\6901234560121_YOGURT_DRINK_12.svg,6901234560121_YOGURT_DRINK_12.png,D:\Document\college design\barcode_image_generator\output\barcodes\png\6901234560121_YOGURT_DRINK_12.png
013,6901234560138,Chocolate Bar 13,CHOCOLATE_BAR_13,500ml,14.85,true,6901234560138_CHOCOLATE_BAR_13.svg,D:\Document\college design\barcode_image_generator\output\barcodes\svg\6901234560138_CHOCOLATE_BAR_13.svg,6901234560138_CHOCOLATE_BAR_13.png,D:\Document\college design\barcode_image_generator\output\barcodes\png\6901234560138_CHOCOLATE_BAR_13.png
014,6901234560145,Toothpaste 14,TOOTHPASTE_14,1L,15.80,true,6901234560145_TOOTHPASTE_14.svg,D:\Document\college design\barcode_image_generator\output\barcodes\svg\6901234560145_TOOTHPASTE_14.svg,6901234560145_TOOTHPASTE_14.png,D:\Document\college design\barcode_image_generator\output\barcodes\png\6901234560145_TOOTHPASTE_14.png
015,6901234560152,Laundry Detergent 15,LAUNDRY_DETERGENT_15,1.5L,16.75,true,6901234560152_LAUNDRY_DETERGENT_15.svg,D:\Document\college design\barcode_image_generator\output\barcodes\svg\6901234560152_LAUNDRY_DETERGENT_15.svg,6901234560152_LAUNDRY_DETERGENT_15.png,D:\Document\college design\barcode_image_generator\output\barcodes\png\6901234560152_LAUNDRY_DETERGENT_15.png
016,6901234560169,Hand Wash 16,HAND_WASH_16,200g,17.70,true,6901234560169_HAND_WASH_16.svg,D:\Document\college design\barcode_image_generator\output\barcodes\svg\6901234560169_HAND_WASH_16.svg,6901234560169_HAND_WASH_16.png,D:\Document\college design\barcode_image_generator\output\barcodes\png\6901234560169_HAND_WASH_16.png
017,6901234560176,Facial Tissue 17,FACIAL_TISSUE_17,500g,18.65,true,6901234560176_FACIAL_TISSUE_17.svg,D:\Document\college design\barcode_image_generator\output\barcodes\svg\6901234560176_FACIAL_TISSUE_17.svg,6901234560176_FACIAL_TISSUE_17.png,D:\Document\college design\barcode_image_generator\output\barcodes\png\6901234560176_FACIAL_TISSUE_17.png
018,6901234560183,Wet Wipes 18,WET_WIPES_18,750g,19.60,true,6901234560183_WET_WIPES_18.svg,D:\Document\college design\barcode_image_generator\output\barcodes\svg\6901234560183_WET_WIPES_18.svg,6901234560183_WET_WIPES_18.png,D:\Document\college design\barcode_image_generator\output\barcodes\png\6901234560183_WET_WIPES_18.png
019,6901234560190,Cooking Oil 19,COOKING_OIL_19,1kg,20.55,true,6901234560190_COOKING_OIL_19.svg,D:\Document\college design\barcode_image_generator\output\barcodes\svg\6901234560190_COOKING_OIL_19.svg,6901234560190_COOKING_OIL_19.png,D:\Document\college design\barcode_image_generator\output\barcodes\png\6901234560190_COOKING_OIL_19.png
020,6901234560206,Soy Sauce 20,SOY_SAUCE_20,12pcs,21.50,true,6901234560206_SOY_SAUCE_20.svg,D:\Document\college design\barcode_image_generator\output\barcodes\svg\6901234560206_SOY_SAUCE_20.svg,6901234560206_SOY_SAUCE_20.png,D:\Document\college design\barcode_image_generator\output\barcodes\png\6901234560206_SOY_SAUCE_20.png
021,6901234560213,Mineral Water 21,MINERAL_WATER_21,250ml,3.45,true,6901234560213_MINERAL_WATER_21.svg,D:\Document\college design\barcode_image_generator\output\barcodes\svg\6901234560213_MINERAL_WATER_21.svg,6901234560213_MINERAL_WATER_21.png,D:\Document\college design\barcode_image_generator\output\barcodes\png\6901234560213_MINERAL_WATER_21.png
022,6901234560220,Pure Milk 22,PURE_MILK_22,330ml,4.40,true,6901234560220_PURE_MILK_22.svg,D:\Document\college design\barcode_image_generator\output\barcodes\svg\6901234560220_PURE_MILK_22.svg,6901234560220_PURE_MILK_22.png,D:\Document\college design\barcode_image_generator\output\barcodes\png\6901234560220_PURE_MILK_22.png
023,6901234560237,Instant Noodles 23,INSTANT_NOODLES_23,500ml,5.35,true,6901234560237_INSTANT_NOODLES_23.svg,D:\Document\college design\barcode_image_generator\output\barcodes\svg\6901234560237_INSTANT_NOODLES_23.svg,6901234560237_INSTANT_NOODLES_23.png,D:\Document\college design\barcode_image_generator\output\barcodes\png\6901234560237_INSTANT_NOODLES_23.png
024,6901234560244,Red Bull 24,RED_BULL_24,1L,6.30,true,6901234560244_RED_BULL_24.svg,D:\Document\college design\barcode_image_generator\output\barcodes\svg\6901234560244_RED_BULL_24.svg,6901234560244_RED_BULL_24.png,D:\Document\college design\barcode_image_generator\output\barcodes\png\6901234560244_RED_BULL_24.png
025,6901234560251,Shampoo 25,SHAMPOO_25,1.5L,7.25,true,6901234560251_SHAMPOO_25.svg,D:\Document\college design\barcode_image_generator\output\barcodes\svg\6901234560251_SHAMPOO_25.svg,6901234560251_SHAMPOO_25.png,D:\Document\college design\barcode_image_generator\output\barcodes\png\6901234560251_SHAMPOO_25.png
026,6901234560268,Biscuits 26,BISCUITS_26,200g,8.20,true,6901234560268_BISCUITS_26.svg,D:\Document\college design\barcode_image_generator\output\barcodes\svg\6901234560268_BISCUITS_26.svg,6901234560268_BISCUITS_26.png,D:\Document\college design\barcode_image_generator\output\barcodes\png\6901234560268_BISCUITS_26.png
027,6901234560275,Potato Chips 27,POTATO_CHIPS_27,500g,9.15,true,6901234560275_POTATO_CHIPS_27.svg,D:\Document\college design\barcode_image_generator\output\barcodes\svg\6901234560275_POTATO_CHIPS_27.svg,6901234560275_POTATO_CHIPS_27.png,D:\Document\college design\barcode_image_generator\output\barcodes\png\6901234560275_POTATO_CHIPS_27.png
028,6901234560282,Green Tea 28,GREEN_TEA_28,750g,10.10,true,6901234560282_GREEN_TEA_28.svg,D:\Document\college design\barcode_image_generator\output\barcodes\svg\6901234560282_GREEN_TEA_28.svg,6901234560282_GREEN_TEA_28.png,D:\Document\college design\barcode_image_generator\output\barcodes\png\6901234560282_GREEN_TEA_28.png
029,6901234560299,Black Tea 29,BLACK_TEA_29,1kg,11.05,true,6901234560299_BLACK_TEA_29.svg,D:\Document\college design\barcode_image_generator\output\barcodes\svg\6901234560299_BLACK_TEA_29.svg,6901234560299_BLACK_TEA_29.png,D:\Document\college design\barcode_image_generator\output\barcodes\png\6901234560299_BLACK_TEA_29.png
030,6901234560305,Orange Juice 30,ORANGE_JUICE_30,12pcs,12.00,true,6901234560305_ORANGE_JUICE_30.svg,D:\Document\college design\barcode_image_generator\output\barcodes\svg\6901234560305_ORANGE_JUICE_30.svg,6901234560305_ORANGE_JUICE_30.png,D:\Document\college design\barcode_image_generator\output\barcodes\png\6901234560305_ORANGE_JUICE_30.png
031,6901234560312,Soy Milk 31,SOY_MILK_31,250ml,12.95,true,6901234560312_SOY_MILK_31.svg,D:\Document\college design\barcode_image_generator\output\barcodes\svg\6901234560312_SOY_MILK_31.svg,6901234560312_SOY_MILK_31.png,D:\Document\college design\barcode_image_generator\output\barcodes\png\6901234560312_SOY_MILK_31.png
032,6901234560329,Yogurt Drink 32,YOGURT_DRINK_32,330ml,13.90,true,6901234560329_YOGURT_DRINK_32.svg,D:\Document\college design\barcode_image_generator\output\barcodes\svg\6901234560329_YOGURT_DRINK_32.svg,6901234560329_YOGURT_DRINK_32.png,D:\Document\college design\barcode_image_generator\output\barcodes\png\6901234560329_YOGURT_DRINK_32.png
033,6901234560336,Chocolate Bar 33,CHOCOLATE_BAR_33,500ml,14.85,true,6901234560336_CHOCOLATE_BAR_33.svg,D:\Document\college design\barcode_image_generator\output\barcodes\svg\6901234560336_CHOCOLATE_BAR_33.svg,6901234560336_CHOCOLATE_BAR_33.png,D:\Document\college design\barcode_image_generator\output\barcodes\png\6901234560336_CHOCOLATE_BAR_33.png
034,6901234560343,Toothpaste 34,TOOTHPASTE_34,1L,15.80,true,6901234560343_TOOTHPASTE_34.svg,D:\Document\college design\barcode_image_generator\output\barcodes\svg\6901234560343_TOOTHPASTE_34.svg,6901234560343_TOOTHPASTE_34.png,D:\Document\college design\barcode_image_generator\output\barcodes\png\6901234560343_TOOTHPASTE_34.png
035,6901234560350,Laundry Detergent 35,LAUNDRY_DETERGENT_35,1.5L,16.75,true,6901234560350_LAUNDRY_DETERGENT_35.svg,D:\Document\college design\barcode_image_generator\output\barcodes\svg\6901234560350_LAUNDRY_DETERGENT_35.svg,6901234560350_LAUNDRY_DETERGENT_35.png,D:\Document\college design\barcode_image_generator\output\barcodes\png\6901234560350_LAUNDRY_DETERGENT_35.png
036,6901234560367,Hand Wash 36,HAND_WASH_36,200g,17.70,true,6901234560367_HAND_WASH_36.svg,D:\Document\college design\barcode_image_generator\output\barcodes\svg\6901234560367_HAND_WASH_36.svg,6901234560367_HAND_WASH_36.png,D:\Document\college design\barcode_image_generator\output\barcodes\png\6901234560367_HAND_WASH_36.png
037,6901234560374,Facial Tissue 37,FACIAL_TISSUE_37,500g,18.65,true,6901234560374_FACIAL_TISSUE_37.svg,D:\Document\college design\barcode_image_generator\output\barcodes\svg\6901234560374_FACIAL_TISSUE_37.svg,6901234560374_FACIAL_TISSUE_37.png,D:\Document\college design\barcode_image_generator\output\barcodes\png\6901234560374_FACIAL_TISSUE_37.png
038,6901234560381,Wet Wipes 38,WET_WIPES_38,750g,19.60,true,6901234560381_WET_WIPES_38.svg,D:\Document\college design\barcode_image_generator\output\barcodes\svg\6901234560381_WET_WIPES_38.svg,6901234560381_WET_WIPES_38.png,D:\Document\college design\barcode_image_generator\output\barcodes\png\6901234560381_WET_WIPES_38.png
039,6901234560398,Cooking Oil 39,COOKING_OIL_39,1kg,20.55,true,6901234560398_COOKING_OIL_39.svg,D:\Document\college design\barcode_image_generator\output\barcodes\svg\6901234560398_COOKING_OIL_39.svg,6901234560398_COOKING_OIL_39.png,D:\Document\college design\barcode_image_generator\output\barcodes\png\6901234560398_COOKING_OIL_39.png
040,6901234560404,Soy Sauce 40,SOY_SAUCE_40,12pcs,21.50,true,6901234560404_SOY_SAUCE_40.svg,D:\Document\college design\barcode_image_generator\output\barcodes\svg\6901234560404_SOY_SAUCE_40.svg,6901234560404_SOY_SAUCE_40.png,D:\Document\college design\barcode_image_generator\output\barcodes\png\6901234560404_SOY_SAUCE_40.png
041,6901234560411,Mineral Water 41,MINERAL_WATER_41,250ml,3.45,true,6901234560411_MINERAL_WATER_41.svg,D:\Document\college design\barcode_image_generator\output\barcodes\svg\6901234560411_MINERAL_WATER_41.svg,6901234560411_MINERAL_WATER_41.png,D:\Document\college design\barcode_image_generator\output\barcodes\png\6901234560411_MINERAL_WATER_41.png
042,6901234560428,Pure Milk 42,PURE_MILK_42,330ml,4.40,true,6901234560428_PURE_MILK_42.svg,D:\Document\college design\barcode_image_generator\output\barcodes\svg\6901234560428_PURE_MILK_42.svg,6901234560428_PURE_MILK_42.png,D:\Document\college design\barcode_image_generator\output\barcodes\png\6901234560428_PURE_MILK_42.png
043,6901234560435,Instant Noodles 43,INSTANT_NOODLES_43,500ml,5.35,true,6901234560435_INSTANT_NOODLES_43.svg,D:\Document\college design\barcode_image_generator\output\barcodes\svg\6901234560435_INSTANT_NOODLES_43.svg,6901234560435_INSTANT_NOODLES_43.png,D:\Document\college design\barcode_image_generator\output\barcodes\png\6901234560435_INSTANT_NOODLES_43.png
044,6901234560442,Red Bull 44,RED_BULL_44,1L,6.30,true,6901234560442_RED_BULL_44.svg,D:\Document\college design\barcode_image_generator\output\barcodes\svg\6901234560442_RED_BULL_44.svg,6901234560442_RED_BULL_44.png,D:\Document\college design\barcode_image_generator\output\barcodes\png\6901234560442_RED_BULL_44.png
045,6901234560459,Shampoo 45,SHAMPOO_45,1.5L,7.25,true,6901234560459_SHAMPOO_45.svg,D:\Document\college design\barcode_image_generator\output\barcodes\svg\6901234560459_SHAMPOO_45.svg,6901234560459_SHAMPOO_45.png,D:\Document\college design\barcode_image_generator\output\barcodes\png\6901234560459_SHAMPOO_45.png
046,6901234560466,Biscuits 46,BISCUITS_46,200g,8.20,true,6901234560466_BISCUITS_46.svg,D:\Document\college design\barcode_image_generator\output\barcodes\svg\6901234560466_BISCUITS_46.svg,6901234560466_BISCUITS_46.png,D:\Document\college design\barcode_image_generator\output\barcodes\png\6901234560466_BISCUITS_46.png
047,6901234560473,Potato Chips 47,POTATO_CHIPS_47,500g,9.15,true,6901234560473_POTATO_CHIPS_47.svg,D:\Document\college design\barcode_image_generator\output\barcodes\svg\6901234560473_POTATO_CHIPS_47.svg,6901234560473_POTATO_CHIPS_47.png,D:\Document\college design\barcode_image_generator\output\barcodes\png\6901234560473_POTATO_CHIPS_47.png
048,6901234560480,Green Tea 48,GREEN_TEA_48,750g,10.10,true,6901234560480_GREEN_TEA_48.svg,D:\Document\college design\barcode_image_generator\output\barcodes\svg\6901234560480_GREEN_TEA_48.svg,6901234560480_GREEN_TEA_48.png,D:\Document\college design\barcode_image_generator\output\barcodes\png\6901234560480_GREEN_TEA_48.png
049,6901234560497,Black Tea 49,BLACK_TEA_49,1kg,11.05,true,6901234560497_BLACK_TEA_49.svg,D:\Document\college design\barcode_image_generator\output\barcodes\svg\6901234560497_BLACK_TEA_49.svg,6901234560497_BLACK_TEA_49.png,D:\Document\college design\barcode_image_generator\output\barcodes\png\6901234560497_BLACK_TEA_49.png
050,6901234560503,Orange Juice 50,ORANGE_JUICE_50,12pcs,12.00,true,6901234560503_ORANGE_JUICE_50.svg,D:\Document\college design\barcode_image_generator\output\barcodes\svg\6901234560503_ORANGE_JUICE_50.svg,6901234560503_ORANGE_JUICE_50.png,D:\Document\college design\barcode_image_generator\output\barcodes\png\6901234560503_ORANGE_JUICE_50.png
051,6901234560510,Soy Milk 51,SOY_MILK_51,250ml,12.95,true,6901234560510_SOY_MILK_51.svg,D:\Document\college design\barcode_image_generator\output\barcodes\svg\6901234560510_SOY_MILK_51.svg,6901234560510_SOY_MILK_51.png,D:\Document\college design\barcode_image_generator\output\barcodes\png\6901234560510_SOY_MILK_51.png
052,6901234560527,Yogurt Drink 52,YOGURT_DRINK_52,330ml,13.90,true,6901234560527_YOGURT_DRINK_52.svg,D:\Document\college design\barcode_image_generator\output\barcodes\svg\6901234560527_YOGURT_DRINK_52.svg,6901234560527_YOGURT_DRINK_52.png,D:\Document\college design\barcode_image_generator\output\barcodes\png\6901234560527_YOGURT_DRINK_52.png
053,6901234560534,Chocolate Bar 53,CHOCOLATE_BAR_53,500ml,14.85,true,6901234560534_CHOCOLATE_BAR_53.svg,D:\Document\college design\barcode_image_generator\output\barcodes\svg\6901234560534_CHOCOLATE_BAR_53.svg,6901234560534_CHOCOLATE_BAR_53.png,D:\Document\college design\barcode_image_generator\output\barcodes\png\6901234560534_CHOCOLATE_BAR_53.png
054,6901234560541,Toothpaste 54,TOOTHPASTE_54,1L,15.80,true,6901234560541_TOOTHPASTE_54.svg,D:\Document\college design\barcode_image_generator\output\barcodes\svg\6901234560541_TOOTHPASTE_54.svg,6901234560541_TOOTHPASTE_54.png,D:\Document\college design\barcode_image_generator\output\barcodes\png\6901234560541_TOOTHPASTE_54.png
055,6901234560558,Laundry Detergent 55,LAUNDRY_DETERGENT_55,1.5L,16.75,true,6901234560558_LAUNDRY_DETERGENT_55.svg,D:\Document\college design\barcode_image_generator\output\barcodes\svg\6901234560558_LAUNDRY_DETERGENT_55.svg,6901234560558_LAUNDRY_DETERGENT_55.png,D:\Document\college design\barcode_image_generator\output\barcodes\png\6901234560558_LAUNDRY_DETERGENT_55.png
056,6901234560565,Hand Wash 56,HAND_WASH_56,200g,17.70,true,6901234560565_HAND_WASH_56.svg,D:\Document\college design\barcode_image_generator\output\barcodes\svg\6901234560565_HAND_WASH_56.svg,6901234560565_HAND_WASH_56.png,D:\Document\college design\barcode_image_generator\output\barcodes\png\6901234560565_HAND_WASH_56.png
057,6901234560572,Facial Tissue 57,FACIAL_TISSUE_57,500g,18.65,true,6901234560572_FACIAL_TISSUE_57.svg,D:\Document\college design\barcode_image_generator\output\barcodes\svg\6901234560572_FACIAL_TISSUE_57.svg,6901234560572_FACIAL_TISSUE_57.png,D:\Document\college design\barcode_image_generator\output\barcodes\png\6901234560572_FACIAL_TISSUE_57.png
058,6901234560589,Wet Wipes 58,WET_WIPES_58,750g,19.60,true,6901234560589_WET_WIPES_58.svg,D:\Document\college design\barcode_image_generator\output\barcodes\svg\6901234560589_WET_WIPES_58.svg,6901234560589_WET_WIPES_58.png,D:\Document\college design\barcode_image_generator\output\barcodes\png\6901234560589_WET_WIPES_58.png
059,6901234560596,Cooking Oil 59,COOKING_OIL_59,1kg,20.55,true,6901234560596_COOKING_OIL_59.svg,D:\Document\college design\barcode_image_generator\output\barcodes\svg\6901234560596_COOKING_OIL_59.svg,6901234560596_COOKING_OIL_59.png,D:\Document\college design\barcode_image_generator\output\barcodes\png\6901234560596_COOKING_OIL_59.png
060,6901234560602,Soy Sauce 60,SOY_SAUCE_60,12pcs,21.50,true,6901234560602_SOY_SAUCE_60.svg,D:\Document\college design\barcode_image_generator\output\barcodes\svg\6901234560602_SOY_SAUCE_60.svg,6901234560602_SOY_SAUCE_60.png,D:\Document\college design\barcode_image_generator\output\barcodes\png\6901234560602_SOY_SAUCE_60.png
061,6901234560619,Mineral Water 61,MINERAL_WATER_61,250ml,3.45,true,6901234560619_MINERAL_WATER_61.svg,D:\Document\college design\barcode_image_generator\output\barcodes\svg\6901234560619_MINERAL_WATER_61.svg,6901234560619_MINERAL_WATER_61.png,D:\Document\college design\barcode_image_generator\output\barcodes\png\6901234560619_MINERAL_WATER_61.png
062,6901234560626,Pure Milk 62,PURE_MILK_62,330ml,4.40,true,6901234560626_PURE_MILK_62.svg,D:\Document\college design\barcode_image_generator\output\barcodes\svg\6901234560626_PURE_MILK_62.svg,6901234560626_PURE_MILK_62.png,D:\Document\college design\barcode_image_generator\output\barcodes\png\6901234560626_PURE_MILK_62.png
063,6901234560633,Instant Noodles 63,INSTANT_NOODLES_63,500ml,5.35,true,6901234560633_INSTANT_NOODLES_63.svg,D:\Document\college design\barcode_image_generator\output\barcodes\svg\6901234560633_INSTANT_NOODLES_63.svg,6901234560633_INSTANT_NOODLES_63.png,D:\Document\college design\barcode_image_generator\output\barcodes\png\6901234560633_INSTANT_NOODLES_63.png
064,6901234560640,Red Bull 64,RED_BULL_64,1L,6.30,true,6901234560640_RED_BULL_64.svg,D:\Document\college design\barcode_image_generator\output\barcodes\svg\6901234560640_RED_BULL_64.svg,6901234560640_RED_BULL_64.png,D:\Document\college design\barcode_image_generator\output\barcodes\png\6901234560640_RED_BULL_64.png
065,6901234560657,Shampoo 65,SHAMPOO_65,1.5L,7.25,true,6901234560657_SHAMPOO_65.svg,D:\Document\college design\barcode_image_generator\output\barcodes\svg\6901234560657_SHAMPOO_65.svg,6901234560657_SHAMPOO_65.png,D:\Document\college design\barcode_image_generator\output\barcodes\png\6901234560657_SHAMPOO_65.png
066,6901234560664,Biscuits 66,BISCUITS_66,200g,8.20,true,6901234560664_BISCUITS_66.svg,D:\Document\college design\barcode_image_generator\output\barcodes\svg\6901234560664_BISCUITS_66.svg,6901234560664_BISCUITS_66.png,D:\Document\college design\barcode_image_generator\output\barcodes\png\6901234560664_BISCUITS_66.png
067,6901234560671,Potato Chips 67,POTATO_CHIPS_67,500g,9.15,true,6901234560671_POTATO_CHIPS_67.svg,D:\Document\college design\barcode_image_generator\output\barcodes\svg\6901234560671_POTATO_CHIPS_67.svg,6901234560671_POTATO_CHIPS_67.png,D:\Document\college design\barcode_image_generator\output\barcodes\png\6901234560671_POTATO_CHIPS_67.png
068,6901234560688,Green Tea 68,GREEN_TEA_68,750g,10.10,true,6901234560688_GREEN_TEA_68.svg,D:\Document\college design\barcode_image_generator\output\barcodes\svg\6901234560688_GREEN_TEA_68.svg,6901234560688_GREEN_TEA_68.png,D:\Document\college design\barcode_image_generator\output\barcodes\png\6901234560688_GREEN_TEA_68.png
069,6901234560695,Black Tea 69,BLACK_TEA_69,1kg,11.05,true,6901234560695_BLACK_TEA_69.svg,D:\Document\college design\barcode_image_generator\output\barcodes\svg\6901234560695_BLACK_TEA_69.svg,6901234560695_BLACK_TEA_69.png,D:\Document\college design\barcode_image_generator\output\barcodes\png\6901234560695_BLACK_TEA_69.png
070,6901234560701,Orange Juice 70,ORANGE_JUICE_70,12pcs,12.00,true,6901234560701_ORANGE_JUICE_70.svg,D:\Document\college design\barcode_image_generator\output\barcodes\svg\6901234560701_ORANGE_JUICE_70.svg,6901234560701_ORANGE_JUICE_70.png,D:\Document\college design\barcode_image_generator\output\barcodes\png\6901234560701_ORANGE_JUICE_70.png
071,6901234560718,Soy Milk 71,SOY_MILK_71,250ml,12.95,true,6901234560718_SOY_MILK_71.svg,D:\Document\college design\barcode_image_generator\output\barcodes\svg\6901234560718_SOY_MILK_71.svg,6901234560718_SOY_MILK_71.png,D:\Document\college design\barcode_image_generator\output\barcodes\png\6901234560718_SOY_MILK_71.png
072,6901234560725,Yogurt Drink 72,YOGURT_DRINK_72,330ml,13.90,true,6901234560725_YOGURT_DRINK_72.svg,D:\Document\college design\barcode_image_generator\output\barcodes\svg\6901234560725_YOGURT_DRINK_72.svg,6901234560725_YOGURT_DRINK_72.png,D:\Document\college design\barcode_image_generator\output\barcodes\png\6901234560725_YOGURT_DRINK_72.png
073,6901234560732,Chocolate Bar 73,CHOCOLATE_BAR_73,500ml,14.85,true,6901234560732_CHOCOLATE_BAR_73.svg,D:\Document\college design\barcode_image_generator\output\barcodes\svg\6901234560732_CHOCOLATE_BAR_73.svg,6901234560732_CHOCOLATE_BAR_73.png,D:\Document\college design\barcode_image_generator\output\barcodes\png\6901234560732_CHOCOLATE_BAR_73.png
074,6901234560749,Toothpaste 74,TOOTHPASTE_74,1L,15.80,true,6901234560749_TOOTHPASTE_74.svg,D:\Document\college design\barcode_image_generator\output\barcodes\svg\6901234560749_TOOTHPASTE_74.svg,6901234560749_TOOTHPASTE_74.png,D:\Document\college design\barcode_image_generator\output\barcodes\png\6901234560749_TOOTHPASTE_74.png
075,6901234560756,Laundry Detergent 75,LAUNDRY_DETERGENT_75,1.5L,16.75,true,6901234560756_LAUNDRY_DETERGENT_75.svg,D:\Document\college design\barcode_image_generator\output\barcodes\svg\6901234560756_LAUNDRY_DETERGENT_75.svg,6901234560756_LAUNDRY_DETERGENT_75.png,D:\Document\college design\barcode_image_generator\output\barcodes\png\6901234560756_LAUNDRY_DETERGENT_75.png
076,6901234560763,Hand Wash 76,HAND_WASH_76,200g,17.70,true,6901234560763_HAND_WASH_76.svg,D:\Document\college design\barcode_image_generator\output\barcodes\svg\6901234560763_HAND_WASH_76.svg,6901234560763_HAND_WASH_76.png,D:\Document\college design\barcode_image_generator\output\barcodes\png\6901234560763_HAND_WASH_76.png
077,6901234560770,Facial Tissue 77,FACIAL_TISSUE_77,500g,18.65,true,6901234560770_FACIAL_TISSUE_77.svg,D:\Document\college design\barcode_image_generator\output\barcodes\svg\6901234560770_FACIAL_TISSUE_77.svg,6901234560770_FACIAL_TISSUE_77.png,D:\Document\college design\barcode_image_generator\output\barcodes\png\6901234560770_FACIAL_TISSUE_77.png
078,6901234560787,Wet Wipes 78,WET_WIPES_78,750g,19.60,true,6901234560787_WET_WIPES_78.svg,D:\Document\college design\barcode_image_generator\output\barcodes\svg\6901234560787_WET_WIPES_78.svg,6901234560787_WET_WIPES_78.png,D:\Document\college design\barcode_image_generator\output\barcodes\png\6901234560787_WET_WIPES_78.png
079,6901234560794,Cooking Oil 79,COOKING_OIL_79,1kg,20.55,true,6901234560794_COOKING_OIL_79.svg,D:\Document\college design\barcode_image_generator\output\barcodes\svg\6901234560794_COOKING_OIL_79.svg,6901234560794_COOKING_OIL_79.png,D:\Document\college design\barcode_image_generator\output\barcodes\png\6901234560794_COOKING_OIL_79.png
080,6901234560800,Soy Sauce 80,SOY_SAUCE_80,12pcs,21.50,true,6901234560800_SOY_SAUCE_80.svg,D:\Document\college design\barcode_image_generator\output\barcodes\svg\6901234560800_SOY_SAUCE_80.svg,6901234560800_SOY_SAUCE_80.png,D:\Document\college design\barcode_image_generator\output\barcodes\png\6901234560800_SOY_SAUCE_80.png
081,6901234560817,Mineral Water 81,MINERAL_WATER_81,250ml,3.45,true,6901234560817_MINERAL_WATER_81.svg,D:\Document\college design\barcode_image_generator\output\barcodes\svg\6901234560817_MINERAL_WATER_81.svg,6901234560817_MINERAL_WATER_81.png,D:\Document\college design\barcode_image_generator\output\barcodes\png\6901234560817_MINERAL_WATER_81.png
082,6901234560824,Pure Milk 82,PURE_MILK_82,330ml,4.40,true,6901234560824_PURE_MILK_82.svg,D:\Document\college design\barcode_image_generator\output\barcodes\svg\6901234560824_PURE_MILK_82.svg,6901234560824_PURE_MILK_82.png,D:\Document\college design\barcode_image_generator\output\barcodes\png\6901234560824_PURE_MILK_82.png
083,6901234560831,Instant Noodles 83,INSTANT_NOODLES_83,500ml,5.35,true,6901234560831_INSTANT_NOODLES_83.svg,D:\Document\college design\barcode_image_generator\output\barcodes\svg\6901234560831_INSTANT_NOODLES_83.svg,6901234560831_INSTANT_NOODLES_83.png,D:\Document\college design\barcode_image_generator\output\barcodes\png\6901234560831_INSTANT_NOODLES_83.png
084,6901234560848,Red Bull 84,RED_BULL_84,1L,6.30,true,6901234560848_RED_BULL_84.svg,D:\Document\college design\barcode_image_generator\output\barcodes\svg\6901234560848_RED_BULL_84.svg,6901234560848_RED_BULL_84.png,D:\Document\college design\barcode_image_generator\output\barcodes\png\6901234560848_RED_BULL_84.png
085,6901234560855,Shampoo 85,SHAMPOO_85,1.5L,7.25,true,6901234560855_SHAMPOO_85.svg,D:\Document\college design\barcode_image_generator\output\barcodes\svg\6901234560855_SHAMPOO_85.svg,6901234560855_SHAMPOO_85.png,D:\Document\college design\barcode_image_generator\output\barcodes\png\6901234560855_SHAMPOO_85.png
086,6901234560862,Biscuits 86,BISCUITS_86,200g,8.20,true,6901234560862_BISCUITS_86.svg,D:\Document\college design\barcode_image_generator\output\barcodes\svg\6901234560862_BISCUITS_86.svg,6901234560862_BISCUITS_86.png,D:\Document\college design\barcode_image_generator\output\barcodes\png\6901234560862_BISCUITS_86.png
087,6901234560879,Potato Chips 87,POTATO_CHIPS_87,500g,9.15,true,6901234560879_POTATO_CHIPS_87.svg,D:\Document\college design\barcode_image_generator\output\barcodes\svg\6901234560879_POTATO_CHIPS_87.svg,6901234560879_POTATO_CHIPS_87.png,D:\Document\college design\barcode_image_generator\output\barcodes\png\6901234560879_POTATO_CHIPS_87.png
088,6901234560886,Green Tea 88,GREEN_TEA_88,750g,10.10,true,6901234560886_GREEN_TEA_88.svg,D:\Document\college design\barcode_image_generator\output\barcodes\svg\6901234560886_GREEN_TEA_88.svg,6901234560886_GREEN_TEA_88.png,D:\Document\college design\barcode_image_generator\output\barcodes\png\6901234560886_GREEN_TEA_88.png
089,6901234560893,Black Tea 89,BLACK_TEA_89,1kg,11.05,true,6901234560893_BLACK_TEA_89.svg,D:\Document\college design\barcode_image_generator\output\barcodes\svg\6901234560893_BLACK_TEA_89.svg,6901234560893_BLACK_TEA_89.png,D:\Document\college design\barcode_image_generator\output\barcodes\png\6901234560893_BLACK_TEA_89.png
090,6901234560909,Orange Juice 90,ORANGE_JUICE_90,12pcs,12.00,true,6901234560909_ORANGE_JUICE_90.svg,D:\Document\college design\barcode_image_generator\output\barcodes\svg\6901234560909_ORANGE_JUICE_90.svg,6901234560909_ORANGE_JUICE_90.png,D:\Document\college design\barcode_image_generator\output\barcodes\png\6901234560909_ORANGE_JUICE_90.png
091,6901234560916,Soy Milk 91,SOY_MILK_91,250ml,12.95,true,6901234560916_SOY_MILK_91.svg,D:\Document\college design\barcode_image_generator\output\barcodes\svg\6901234560916_SOY_MILK_91.svg,6901234560916_SOY_MILK_91.png,D:\Document\college design\barcode_image_generator\output\barcodes\png\6901234560916_SOY_MILK_91.png
092,6901234560923,Yogurt Drink 92,YOGURT_DRINK_92,330ml,13.90,true,6901234560923_YOGURT_DRINK_92.svg,D:\Document\college design\barcode_image_generator\output\barcodes\svg\6901234560923_YOGURT_DRINK_92.svg,6901234560923_YOGURT_DRINK_92.png,D:\Document\college design\barcode_image_generator\output\barcodes\png\6901234560923_YOGURT_DRINK_92.png
093,6901234560930,Chocolate Bar 93,CHOCOLATE_BAR_93,500ml,14.85,true,6901234560930_CHOCOLATE_BAR_93.svg,D:\Document\college design\barcode_image_generator\output\barcodes\svg\6901234560930_CHOCOLATE_BAR_93.svg,6901234560930_CHOCOLATE_BAR_93.png,D:\Document\college design\barcode_image_generator\output\barcodes\png\6901234560930_CHOCOLATE_BAR_93.png
094,6901234560947,Toothpaste 94,TOOTHPASTE_94,1L,15.80,true,6901234560947_TOOTHPASTE_94.svg,D:\Document\college design\barcode_image_generator\output\barcodes\svg\6901234560947_TOOTHPASTE_94.svg,6901234560947_TOOTHPASTE_94.png,D:\Document\college design\barcode_image_generator\output\barcodes\png\6901234560947_TOOTHPASTE_94.png
095,6901234560954,Laundry Detergent 95,LAUNDRY_DETERGENT_95,1.5L,16.75,true,6901234560954_LAUNDRY_DETERGENT_95.svg,D:\Document\college design\barcode_image_generator\output\barcodes\svg\6901234560954_LAUNDRY_DETERGENT_95.svg,6901234560954_LAUNDRY_DETERGENT_95.png,D:\Document\college design\barcode_image_generator\output\barcodes\png\6901234560954_LAUNDRY_DETERGENT_95.png
096,6901234560961,Hand Wash 96,HAND_WASH_96,200g,17.70,true,6901234560961_HAND_WASH_96.svg,D:\Document\college design\barcode_image_generator\output\barcodes\svg\6901234560961_HAND_WASH_96.svg,6901234560961_HAND_WASH_96.png,D:\Document\college design\barcode_image_generator\output\barcodes\png\6901234560961_HAND_WASH_96.png
097,6901234560978,Facial Tissue 97,FACIAL_TISSUE_97,500g,18.65,true,6901234560978_FACIAL_TISSUE_97.svg,D:\Document\college design\barcode_image_generator\output\barcodes\svg\6901234560978_FACIAL_TISSUE_97.svg,6901234560978_FACIAL_TISSUE_97.png,D:\Document\college design\barcode_image_generator\output\barcodes\png\6901234560978_FACIAL_TISSUE_97.png
098,6901234560985,Wet Wipes 98,WET_WIPES_98,750g,19.60,true,6901234560985_WET_WIPES_98.svg,D:\Document\college design\barcode_image_generator\output\barcodes\svg\6901234560985_WET_WIPES_98.svg,6901234560985_WET_WIPES_98.png,D:\Document\college design\barcode_image_generator\output\barcodes\png\6901234560985_WET_WIPES_98.png
099,6901234560992,Cooking Oil 99,COOKING_OIL_99,1kg,20.55,true,6901234560992_COOKING_OIL_99.svg,D:\Document\college design\barcode_image_generator\output\barcodes\svg\6901234560992_COOKING_OIL_99.svg,6901234560992_COOKING_OIL_99.png,D:\Document\college design\barcode_image_generator\output\barcodes\png\6901234560992_COOKING_OIL_99.png
100,6901234561005,Soy Sauce 100,SOY_SAUCE_100,12pcs,21.50,true,6901234561005_SOY_SAUCE_100.svg,D:\Document\college design\barcode_image_generator\output\barcodes\svg\6901234561005_SOY_SAUCE_100.svg,6901234561005_SOY_SAUCE_100.png,D:\Document\college design\barcode_image_generator\output\barcodes\png\6901234561005_SOY_SAUCE_100.png
101,6901234561012,Mineral Water 101,MINERAL_WATER_101,250ml,3.45,true,6901234561012_MINERAL_WATER_101.svg,D:\Document\college design\barcode_image_generator\output\barcodes\svg\6901234561012_MINERAL_WATER_101.svg,6901234561012_MINERAL_WATER_101.png,D:\Document\college design\barcode_image_generator\output\barcodes\png\6901234561012_MINERAL_WATER_101.png
102,6901234561029,Pure Milk 102,PURE_MILK_102,330ml,4.40,true,6901234561029_PURE_MILK_102.svg,D:\Document\college design\barcode_image_generator\output\barcodes\svg\6901234561029_PURE_MILK_102.svg,6901234561029_PURE_MILK_102.png,D:\Document\college design\barcode_image_generator\output\barcodes\png\6901234561029_PURE_MILK_102.png
103,6901234561036,Instant Noodles 103,INSTANT_NOODLES_103,500ml,5.35,true,6901234561036_INSTANT_NOODLES_103.svg,D:\Document\college design\barcode_image_generator\output\barcodes\svg\6901234561036_INSTANT_NOODLES_103.svg,6901234561036_INSTANT_NOODLES_103.png,D:\Document\college design\barcode_image_generator\output\barcodes\png\6901234561036_INSTANT_NOODLES_103.png
104,6901234561043,Red Bull 104,RED_BULL_104,1L,6.30,true,6901234561043_RED_BULL_104.svg,D:\Document\college design\barcode_image_generator\output\barcodes\svg\6901234561043_RED_BULL_104.svg,6901234561043_RED_BULL_104.png,D:\Document\college design\barcode_image_generator\output\barcodes\png\6901234561043_RED_BULL_104.png
105,6901234561050,Shampoo 105,SHAMPOO_105,1.5L,7.25,true,6901234561050_SHAMPOO_105.svg,D:\Document\college design\barcode_image_generator\output\barcodes\svg\6901234561050_SHAMPOO_105.svg,6901234561050_SHAMPOO_105.png,D:\Document\college design\barcode_image_generator\output\barcodes\png\6901234561050_SHAMPOO_105.png
106,6901234561067,Biscuits 106,BISCUITS_106,200g,8.20,true,6901234561067_BISCUITS_106.svg,D:\Document\college design\barcode_image_generator\output\barcodes\svg\6901234561067_BISCUITS_106.svg,6901234561067_BISCUITS_106.png,D:\Document\college design\barcode_image_generator\output\barcodes\png\6901234561067_BISCUITS_106.png
107,6901234561074,Potato Chips 107,POTATO_CHIPS_107,500g,9.15,true,6901234561074_POTATO_CHIPS_107.svg,D:\Document\college design\barcode_image_generator\output\barcodes\svg\6901234561074_POTATO_CHIPS_107.svg,6901234561074_POTATO_CHIPS_107.png,D:\Document\college design\barcode_image_generator\output\barcodes\png\6901234561074_POTATO_CHIPS_107.png
108,6901234561081,Green Tea 108,GREEN_TEA_108,750g,10.10,true,6901234561081_GREEN_TEA_108.svg,D:\Document\college design\barcode_image_generator\output\barcodes\svg\6901234561081_GREEN_TEA_108.svg,6901234561081_GREEN_TEA_108.png,D:\Document\college design\barcode_image_generator\output\barcodes\png\6901234561081_GREEN_TEA_108.png
109,6901234561098,Black Tea 109,BLACK_TEA_109,1kg,11.05,true,6901234561098_BLACK_TEA_109.svg,D:\Document\college design\barcode_image_generator\output\barcodes\svg\6901234561098_BLACK_TEA_109.svg,6901234561098_BLACK_TEA_109.png,D:\Document\college design\barcode_image_generator\output\barcodes\png\6901234561098_BLACK_TEA_109.png
110,6901234561104,Orange Juice 110,ORANGE_JUICE_110,12pcs,12.00,true,6901234561104_ORANGE_JUICE_110.svg,D:\Document\college design\barcode_image_generator\output\barcodes\svg\6901234561104_ORANGE_JUICE_110.svg,6901234561104_ORANGE_JUICE_110.png,D:\Document\college design\barcode_image_generator\output\barcodes\png\6901234561104_ORANGE_JUICE_110.png
111,6901234561111,Soy Milk 111,SOY_MILK_111,250ml,12.95,true,6901234561111_SOY_MILK_111.svg,D:\Document\college design\barcode_image_generator\output\barcodes\svg\6901234561111_SOY_MILK_111.svg,6901234561111_SOY_MILK_111.png,D:\Document\college design\barcode_image_generator\output\barcodes\png\6901234561111_SOY_MILK_111.png
112,6901234561128,Yogurt Drink 112,YOGURT_DRINK_112,330ml,13.90,true,6901234561128_YOGURT_DRINK_112.svg,D:\Document\college design\barcode_image_generator\output\barcodes\svg\6901234561128_YOGURT_DRINK_112.svg,6901234561128_YOGURT_DRINK_112.png,D:\Document\college design\barcode_image_generator\output\barcodes\png\6901234561128_YOGURT_DRINK_112.png
113,6901234561135,Chocolate Bar 113,CHOCOLATE_BAR_113,500ml,14.85,true,6901234561135_CHOCOLATE_BAR_113.svg,D:\Document\college design\barcode_image_generator\output\barcodes\svg\6901234561135_CHOCOLATE_BAR_113.svg,6901234561135_CHOCOLATE_BAR_113.png,D:\Document\college design\barcode_image_generator\output\barcodes\png\6901234561135_CHOCOLATE_BAR_113.png
114,6901234561142,Toothpaste 114,TOOTHPASTE_114,1L,15.80,true,6901234561142_TOOTHPASTE_114.svg,D:\Document\college design\barcode_image_generator\output\barcodes\svg\6901234561142_TOOTHPASTE_114.svg,6901234561142_TOOTHPASTE_114.png,D:\Document\college design\barcode_image_generator\output\barcodes\png\6901234561142_TOOTHPASTE_114.png
115,6901234561159,Laundry Detergent 115,LAUNDRY_DETERGENT_115,1.5L,16.75,true,6901234561159_LAUNDRY_DETERGENT_115.svg,D:\Document\college design\barcode_image_generator\output\barcodes\svg\6901234561159_LAUNDRY_DETERGENT_115.svg,6901234561159_LAUNDRY_DETERGENT_115.png,D:\Document\college design\barcode_image_generator\output\barcodes\png\6901234561159_LAUNDRY_DETERGENT_115.png
116,6901234561166,Hand Wash 116,HAND_WASH_116,200g,17.70,true,6901234561166_HAND_WASH_116.svg,D:\Document\college design\barcode_image_generator\output\barcodes\svg\6901234561166_HAND_WASH_116.svg,6901234561166_HAND_WASH_116.png,D:\Document\college design\barcode_image_generator\output\barcodes\png\6901234561166_HAND_WASH_116.png
117,6901234561173,Facial Tissue 117,FACIAL_TISSUE_117,500g,18.65,true,6901234561173_FACIAL_TISSUE_117.svg,D:\Document\college design\barcode_image_generator\output\barcodes\svg\6901234561173_FACIAL_TISSUE_117.svg,6901234561173_FACIAL_TISSUE_117.png,D:\Document\college design\barcode_image_generator\output\barcodes\png\6901234561173_FACIAL_TISSUE_117.png
118,6901234561180,Wet Wipes 118,WET_WIPES_118,750g,19.60,true,6901234561180_WET_WIPES_118.svg,D:\Document\college design\barcode_image_generator\output\barcodes\svg\6901234561180_WET_WIPES_118.svg,6901234561180_WET_WIPES_118.png,D:\Document\college design\barcode_image_generator\output\barcodes\png\6901234561180_WET_WIPES_118.png
119,6901234561197,Cooking Oil 119,COOKING_OIL_119,1kg,20.55,true,6901234561197_COOKING_OIL_119.svg,D:\Document\college design\barcode_image_generator\output\barcodes\svg\6901234561197_COOKING_OIL_119.svg,6901234561197_COOKING_OIL_119.png,D:\Document\college design\barcode_image_generator\output\barcodes\png\6901234561197_COOKING_OIL_119.png
120,6901234561203,Soy Sauce 120,SOY_SAUCE_120,12pcs,21.50,true,6901234561203_SOY_SAUCE_120.svg,D:\Document\college design\barcode_image_generator\output\barcodes\svg\6901234561203_SOY_SAUCE_120.svg,6901234561203_SOY_SAUCE_120.png,D:\Document\college design\barcode_image_generator\output\barcodes\png\6901234561203_SOY_SAUCE_120.png
121,6901234561210,Mineral Water 121,MINERAL_WATER_121,250ml,3.45,true,6901234561210_MINERAL_WATER_121.svg,D:\Document\college design\barcode_image_generator\output\barcodes\svg\6901234561210_MINERAL_WATER_121.svg,6901234561210_MINERAL_WATER_121.png,D:\Document\college design\barcode_image_generator\output\barcodes\png\6901234561210_MINERAL_WATER_121.png
122,6901234561227,Pure Milk 122,PURE_MILK_122,330ml,4.40,true,6901234561227_PURE_MILK_122.svg,D:\Document\college design\barcode_image_generator\output\barcodes\svg\6901234561227_PURE_MILK_122.svg,6901234561227_PURE_MILK_122.png,D:\Document\college design\barcode_image_generator\output\barcodes\png\6901234561227_PURE_MILK_122.png
123,6901234561234,Instant Noodles 123,INSTANT_NOODLES_123,500ml,5.35,true,6901234561234_INSTANT_NOODLES_123.svg,D:\Document\college design\barcode_image_generator\output\barcodes\svg\6901234561234_INSTANT_NOODLES_123.svg,6901234561234_INSTANT_NOODLES_123.png,D:\Document\college design\barcode_image_generator\output\barcodes\png\6901234561234_INSTANT_NOODLES_123.png
124,6901234561241,Red Bull 124,RED_BULL_124,1L,6.30,true,6901234561241_RED_BULL_124.svg,D:\Document\college design\barcode_image_generator\output\barcodes\svg\6901234561241_RED_BULL_124.svg,6901234561241_RED_BULL_124.png,D:\Document\college design\barcode_image_generator\output\barcodes\png\6901234561241_RED_BULL_124.png
125,6901234561258,Shampoo 125,SHAMPOO_125,1.5L,7.25,true,6901234561258_SHAMPOO_125.svg,D:\Document\college design\barcode_image_generator\output\barcodes\svg\6901234561258_SHAMPOO_125.svg,6901234561258_SHAMPOO_125.png,D:\Document\college design\barcode_image_generator\output\barcodes\png\6901234561258_SHAMPOO_125.png
126,6901234561265,Biscuits 126,BISCUITS_126,200g,8.20,true,6901234561265_BISCUITS_126.svg,D:\Document\college design\barcode_image_generator\output\barcodes\svg\6901234561265_BISCUITS_126.svg,6901234561265_BISCUITS_126.png,D:\Document\college design\barcode_image_generator\output\barcodes\png\6901234561265_BISCUITS_126.png
127,6901234561272,Potato Chips 127,POTATO_CHIPS_127,500g,9.15,true,6901234561272_POTATO_CHIPS_127.svg,D:\Document\college design\barcode_image_generator\output\barcodes\svg\6901234561272_POTATO_CHIPS_127.svg,6901234561272_POTATO_CHIPS_127.png,D:\Document\college design\barcode_image_generator\output\barcodes\png\6901234561272_POTATO_CHIPS_127.png
128,6901234561289,Green Tea 128,GREEN_TEA_128,750g,10.10,true,6901234561289_GREEN_TEA_128.svg,D:\Document\college design\barcode_image_generator\output\barcodes\svg\6901234561289_GREEN_TEA_128.svg,6901234561289_GREEN_TEA_128.png,D:\Document\college design\barcode_image_generator\output\barcodes\png\6901234561289_GREEN_TEA_128.png
129,6901234561296,Black Tea 129,BLACK_TEA_129,1kg,11.05,true,6901234561296_BLACK_TEA_129.svg,D:\Document\college design\barcode_image_generator\output\barcodes\svg\6901234561296_BLACK_TEA_129.svg,6901234561296_BLACK_TEA_129.png,D:\Document\college design\barcode_image_generator\output\barcodes\png\6901234561296_BLACK_TEA_129.png
130,6901234561302,Orange Juice 130,ORANGE_JUICE_130,12pcs,12.00,true,6901234561302_ORANGE_JUICE_130.svg,D:\Document\college design\barcode_image_generator\output\barcodes\svg\6901234561302_ORANGE_JUICE_130.svg,6901234561302_ORANGE_JUICE_130.png,D:\Document\college design\barcode_image_generator\output\barcodes\png\6901234561302_ORANGE_JUICE_130.png
131,6901234561319,Soy Milk 131,SOY_MILK_131,250ml,12.95,true,6901234561319_SOY_MILK_131.svg,D:\Document\college design\barcode_image_generator\output\barcodes\svg\6901234561319_SOY_MILK_131.svg,6901234561319_SOY_MILK_131.png,D:\Document\college design\barcode_image_generator\output\barcodes\png\6901234561319_SOY_MILK_131.png
132,6901234561326,Yogurt Drink 132,YOGURT_DRINK_132,330ml,13.90,true,6901234561326_YOGURT_DRINK_132.svg,D:\Document\college design\barcode_image_generator\output\barcodes\svg\6901234561326_YOGURT_DRINK_132.svg,6901234561326_YOGURT_DRINK_132.png,D:\Document\college design\barcode_image_generator\output\barcodes\png\6901234561326_YOGURT_DRINK_132.png
133,6901234561333,Chocolate Bar 133,CHOCOLATE_BAR_133,500ml,14.85,true,6901234561333_CHOCOLATE_BAR_133.svg,D:\Document\college design\barcode_image_generator\output\barcodes\svg\6901234561333_CHOCOLATE_BAR_133.svg,6901234561333_CHOCOLATE_BAR_133.png,D:\Document\college design\barcode_image_generator\output\barcodes\png\6901234561333_CHOCOLATE_BAR_133.png
134,6901234561340,Toothpaste 134,TOOTHPASTE_134,1L,15.80,true,6901234561340_TOOTHPASTE_134.svg,D:\Document\college design\barcode_image_generator\output\barcodes\svg\6901234561340_TOOTHPASTE_134.svg,6901234561340_TOOTHPASTE_134.png,D:\Document\college design\barcode_image_generator\output\barcodes\png\6901234561340_TOOTHPASTE_134.png
135,6901234561357,Laundry Detergent 135,LAUNDRY_DETERGENT_135,1.5L,16.75,true,6901234561357_LAUNDRY_DETERGENT_135.svg,D:\Document\college design\barcode_image_generator\output\barcodes\svg\6901234561357_LAUNDRY_DETERGENT_135.svg,6901234561357_LAUNDRY_DETERGENT_135.png,D:\Document\college design\barcode_image_generator\output\barcodes\png\6901234561357_LAUNDRY_DETERGENT_135.png
136,6901234561364,Hand Wash 136,HAND_WASH_136,200g,17.70,true,6901234561364_HAND_WASH_136.svg,D:\Document\college design\barcode_image_generator\output\barcodes\svg\6901234561364_HAND_WASH_136.svg,6901234561364_HAND_WASH_136.png,D:\Document\college design\barcode_image_generator\output\barcodes\png\6901234561364_HAND_WASH_136.png
137,6901234561371,Facial Tissue 137,FACIAL_TISSUE_137,500g,18.65,true,6901234561371_FACIAL_TISSUE_137.svg,D:\Document\college design\barcode_image_generator\output\barcodes\svg\6901234561371_FACIAL_TISSUE_137.svg,6901234561371_FACIAL_TISSUE_137.png,D:\Document\college design\barcode_image_generator\output\barcodes\png\6901234561371_FACIAL_TISSUE_137.png
138,6901234561388,Wet Wipes 138,WET_WIPES_138,750g,19.60,true,6901234561388_WET_WIPES_138.svg,D:\Document\college design\barcode_image_generator\output\barcodes\svg\6901234561388_WET_WIPES_138.svg,6901234561388_WET_WIPES_138.png,D:\Document\college design\barcode_image_generator\output\barcodes\png\6901234561388_WET_WIPES_138.png
139,6901234561395,Cooking Oil 139,COOKING_OIL_139,1kg,20.55,true,6901234561395_COOKING_OIL_139.svg,D:\Document\college design\barcode_image_generator\output\barcodes\svg\6901234561395_COOKING_OIL_139.svg,6901234561395_COOKING_OIL_139.png,D:\Document\college design\barcode_image_generator\output\barcodes\png\6901234561395_COOKING_OIL_139.png
140,6901234561401,Soy Sauce 140,SOY_SAUCE_140,12pcs,21.50,true,6901234561401_SOY_SAUCE_140.svg,D:\Document\college design\barcode_image_generator\output\barcodes\svg\6901234561401_SOY_SAUCE_140.svg,6901234561401_SOY_SAUCE_140.png,D:\Document\college design\barcode_image_generator\output\barcodes\png\6901234561401_SOY_SAUCE_140.png
141,6901234561418,Mineral Water 141,MINERAL_WATER_141,250ml,3.45,true,6901234561418_MINERAL_WATER_141.svg,D:\Document\college design\barcode_image_generator\output\barcodes\svg\6901234561418_MINERAL_WATER_141.svg,6901234561418_MINERAL_WATER_141.png,D:\Document\college design\barcode_image_generator\output\barcodes\png\6901234561418_MINERAL_WATER_141.png
142,6901234561425,Pure Milk 142,PURE_MILK_142,330ml,4.40,true,6901234561425_PURE_MILK_142.svg,D:\Document\college design\barcode_image_generator\output\barcodes\svg\6901234561425_PURE_MILK_142.svg,6901234561425_PURE_MILK_142.png,D:\Document\college design\barcode_image_generator\output\barcodes\png\6901234561425_PURE_MILK_142.png
143,6901234561432,Instant Noodles 143,INSTANT_NOODLES_143,500ml,5.35,true,6901234561432_INSTANT_NOODLES_143.svg,D:\Document\college design\barcode_image_generator\output\barcodes\svg\6901234561432_INSTANT_NOODLES_143.svg,6901234561432_INSTANT_NOODLES_143.png,D:\Document\college design\barcode_image_generator\output\barcodes\png\6901234561432_INSTANT_NOODLES_143.png
144,6901234561449,Red Bull 144,RED_BULL_144,1L,6.30,true,6901234561449_RED_BULL_144.svg,D:\Document\college design\barcode_image_generator\output\barcodes\svg\6901234561449_RED_BULL_144.svg,6901234561449_RED_BULL_144.png,D:\Document\college design\barcode_image_generator\output\barcodes\png\6901234561449_RED_BULL_144.png
145,6901234561456,Shampoo 145,SHAMPOO_145,1.5L,7.25,true,6901234561456_SHAMPOO_145.svg,D:\Document\college design\barcode_image_generator\output\barcodes\svg\6901234561456_SHAMPOO_145.svg,6901234561456_SHAMPOO_145.png,D:\Document\college design\barcode_image_generator\output\barcodes\png\6901234561456_SHAMPOO_145.png
146,6901234561463,Biscuits 146,BISCUITS_146,200g,8.20,true,6901234561463_BISCUITS_146.svg,D:\Document\college design\barcode_image_generator\output\barcodes\svg\6901234561463_BISCUITS_146.svg,6901234561463_BISCUITS_146.png,D:\Document\college design\barcode_image_generator\output\barcodes\png\6901234561463_BISCUITS_146.png
147,6901234561470,Potato Chips 147,POTATO_CHIPS_147,500g,9.15,true,6901234561470_POTATO_CHIPS_147.svg,D:\Document\college design\barcode_image_generator\output\barcodes\svg\6901234561470_POTATO_CHIPS_147.svg,6901234561470_POTATO_CHIPS_147.png,D:\Document\college design\barcode_image_generator\output\barcodes\png\6901234561470_POTATO_CHIPS_147.png
148,6901234561487,Green Tea 148,GREEN_TEA_148,750g,10.10,true,6901234561487_GREEN_TEA_148.svg,D:\Document\college design\barcode_image_generator\output\barcodes\svg\6901234561487_GREEN_TEA_148.svg,6901234561487_GREEN_TEA_148.png,D:\Document\college design\barcode_image_generator\output\barcodes\png\6901234561487_GREEN_TEA_148.png
149,6901234561494,Black Tea 149,BLACK_TEA_149,1kg,11.05,true,6901234561494_BLACK_TEA_149.svg,D:\Document\college design\barcode_image_generator\output\barcodes\svg\6901234561494_BLACK_TEA_149.svg,6901234561494_BLACK_TEA_149.png,D:\Document\college design\barcode_image_generator\output\barcodes\png\6901234561494_BLACK_TEA_149.png
150,6901234561500,Orange Juice 150,ORANGE_JUICE_150,12pcs,12.00,true,6901234561500_ORANGE_JUICE_150.svg,D:\Document\college design\barcode_image_generator\output\barcodes\svg\6901234561500_ORANGE_JUICE_150.svg,6901234561500_ORANGE_JUICE_150.png,D:\Document\college design\barcode_image_generator\output\barcodes\png\6901234561500_ORANGE_JUICE_150.png
151,6901234561517,Soy Milk 151,SOY_MILK_151,250ml,12.95,true,6901234561517_SOY_MILK_151.svg,D:\Document\college design\barcode_image_generator\output\barcodes\svg\6901234561517_SOY_MILK_151.svg,6901234561517_SOY_MILK_151.png,D:\Document\college design\barcode_image_generator\output\barcodes\png\6901234561517_SOY_MILK_151.png
152,6901234561524,Yogurt Drink 152,YOGURT_DRINK_152,330ml,13.90,true,6901234561524_YOGURT_DRINK_152.svg,D:\Document\college design\barcode_image_generator\output\barcodes\svg\6901234561524_YOGURT_DRINK_152.svg,6901234561524_YOGURT_DRINK_152.png,D:\Document\college design\barcode_image_generator\output\barcodes\png\6901234561524_YOGURT_DRINK_152.png
153,6901234561531,Chocolate Bar 153,CHOCOLATE_BAR_153,500ml,14.85,true,6901234561531_CHOCOLATE_BAR_153.svg,D:\Document\college design\barcode_image_generator\output\barcodes\svg\6901234561531_CHOCOLATE_BAR_153.svg,6901234561531_CHOCOLATE_BAR_153.png,D:\Document\college design\barcode_image_generator\output\barcodes\png\6901234561531_CHOCOLATE_BAR_153.png
154,6901234561548,Toothpaste 154,TOOTHPASTE_154,1L,15.80,true,6901234561548_TOOTHPASTE_154.svg,D:\Document\college design\barcode_image_generator\output\barcodes\svg\6901234561548_TOOTHPASTE_154.svg,6901234561548_TOOTHPASTE_154.png,D:\Document\college design\barcode_image_generator\output\barcodes\png\6901234561548_TOOTHPASTE_154.png
155,6901234561555,Laundry Detergent 155,LAUNDRY_DETERGENT_155,1.5L,16.75,true,6901234561555_LAUNDRY_DETERGENT_155.svg,D:\Document\college design\barcode_image_generator\output\barcodes\svg\6901234561555_LAUNDRY_DETERGENT_155.svg,6901234561555_LAUNDRY_DETERGENT_155.png,D:\Document\college design\barcode_image_generator\output\barcodes\png\6901234561555_LAUNDRY_DETERGENT_155.png
156,6901234561562,Hand Wash 156,HAND_WASH_156,200g,17.70,true,6901234561562_HAND_WASH_156.svg,D:\Document\college design\barcode_image_generator\output\barcodes\svg\6901234561562_HAND_WASH_156.svg,6901234561562_HAND_WASH_156.png,D:\Document\college design\barcode_image_generator\output\barcodes\png\6901234561562_HAND_WASH_156.png
157,6901234561579,Facial Tissue 157,FACIAL_TISSUE_157,500g,18.65,true,6901234561579_FACIAL_TISSUE_157.svg,D:\Document\college design\barcode_image_generator\output\barcodes\svg\6901234561579_FACIAL_TISSUE_157.svg,6901234561579_FACIAL_TISSUE_157.png,D:\Document\college design\barcode_image_generator\output\barcodes\png\6901234561579_FACIAL_TISSUE_157.png
158,6901234561586,Wet Wipes 158,WET_WIPES_158,750g,19.60,true,6901234561586_WET_WIPES_158.svg,D:\Document\college design\barcode_image_generator\output\barcodes\svg\6901234561586_WET_WIPES_158.svg,6901234561586_WET_WIPES_158.png,D:\Document\college design\barcode_image_generator\output\barcodes\png\6901234561586_WET_WIPES_158.png
159,6901234561593,Cooking Oil 159,COOKING_OIL_159,1kg,20.55,true,6901234561593_COOKING_OIL_159.svg,D:\Document\college design\barcode_image_generator\output\barcodes\svg\6901234561593_COOKING_OIL_159.svg,6901234561593_COOKING_OIL_159.png,D:\Document\college design\barcode_image_generator\output\barcodes\png\6901234561593_COOKING_OIL_159.png
160,6901234561609,Soy Sauce 160,SOY_SAUCE_160,12pcs,21.50,true,6901234561609_SOY_SAUCE_160.svg,D:\Document\college design\barcode_image_generator\output\barcodes\svg\6901234561609_SOY_SAUCE_160.svg,6901234561609_SOY_SAUCE_160.png,D:\Document\college design\barcode_image_generator\output\barcodes\png\6901234561609_SOY_SAUCE_160.png
161,6901234561616,Mineral Water 161,MINERAL_WATER_161,250ml,3.45,true,6901234561616_MINERAL_WATER_161.svg,D:\Document\college design\barcode_image_generator\output\barcodes\svg\6901234561616_MINERAL_WATER_161.svg,6901234561616_MINERAL_WATER_161.png,D:\Document\college design\barcode_image_generator\output\barcodes\png\6901234561616_MINERAL_WATER_161.png
162,6901234561623,Pure Milk 162,PURE_MILK_162,330ml,4.40,true,6901234561623_PURE_MILK_162.svg,D:\Document\college design\barcode_image_generator\output\barcodes\svg\6901234561623_PURE_MILK_162.svg,6901234561623_PURE_MILK_162.png,D:\Document\college design\barcode_image_generator\output\barcodes\png\6901234561623_PURE_MILK_162.png
163,6901234561630,Instant Noodles 163,INSTANT_NOODLES_163,500ml,5.35,true,6901234561630_INSTANT_NOODLES_163.svg,D:\Document\college design\barcode_image_generator\output\barcodes\svg\6901234561630_INSTANT_NOODLES_163.svg,6901234561630_INSTANT_NOODLES_163.png,D:\Document\college design\barcode_image_generator\output\barcodes\png\6901234561630_INSTANT_NOODLES_163.png
164,6901234561647,Red Bull 164,RED_BULL_164,1L,6.30,true,6901234561647_RED_BULL_164.svg,D:\Document\college design\barcode_image_generator\output\barcodes\svg\6901234561647_RED_BULL_164.svg,6901234561647_RED_BULL_164.png,D:\Document\college design\barcode_image_generator\output\barcodes\png\6901234561647_RED_BULL_164.png
165,6901234561654,Shampoo 165,SHAMPOO_165,1.5L,7.25,true,6901234561654_SHAMPOO_165.svg,D:\Document\college design\barcode_image_generator\output\barcodes\svg\6901234561654_SHAMPOO_165.svg,6901234561654_SHAMPOO_165.png,D:\Document\college design\barcode_image_generator\output\barcodes\png\6901234561654_SHAMPOO_165.png
166,6901234561661,Biscuits 166,BISCUITS_166,200g,8.20,true,6901234561661_BISCUITS_166.svg,D:\Document\college design\barcode_image_generator\output\barcodes\svg\6901234561661_BISCUITS_166.svg,6901234561661_BISCUITS_166.png,D:\Document\college design\barcode_image_generator\output\barcodes\png\6901234561661_BISCUITS_166.png
167,6901234561678,Potato Chips 167,POTATO_CHIPS_167,500g,9.15,true,6901234561678_POTATO_CHIPS_167.svg,D:\Document\college design\barcode_image_generator\output\barcodes\svg\6901234561678_POTATO_CHIPS_167.svg,6901234561678_POTATO_CHIPS_167.png,D:\Document\college design\barcode_image_generator\output\barcodes\png\6901234561678_POTATO_CHIPS_167.png
168,6901234561685,Green Tea 168,GREEN_TEA_168,750g,10.10,true,6901234561685_GREEN_TEA_168.svg,D:\Document\college design\barcode_image_generator\output\barcodes\svg\6901234561685_GREEN_TEA_168.svg,6901234561685_GREEN_TEA_168.png,D:\Document\college design\barcode_image_generator\output\barcodes\png\6901234561685_GREEN_TEA_168.png
169,6901234561692,Black Tea 169,BLACK_TEA_169,1kg,11.05,true,6901234561692_BLACK_TEA_169.svg,D:\Document\college design\barcode_image_generator\output\barcodes\svg\6901234561692_BLACK_TEA_169.svg,6901234561692_BLACK_TEA_169.png,D:\Document\college design\barcode_image_generator\output\barcodes\png\6901234561692_BLACK_TEA_169.png
170,6901234561708,Orange Juice 170,ORANGE_JUICE_170,12pcs,12.00,true,6901234561708_ORANGE_JUICE_170.svg,D:\Document\college design\barcode_image_generator\output\barcodes\svg\6901234561708_ORANGE_JUICE_170.svg,6901234561708_ORANGE_JUICE_170.png,D:\Document\college design\barcode_image_generator\output\barcodes\png\6901234561708_ORANGE_JUICE_170.png
171,6901234561715,Soy Milk 171,SOY_MILK_171,250ml,12.95,true,6901234561715_SOY_MILK_171.svg,D:\Document\college design\barcode_image_generator\output\barcodes\svg\6901234561715_SOY_MILK_171.svg,6901234561715_SOY_MILK_171.png,D:\Document\college design\barcode_image_generator\output\barcodes\png\6901234561715_SOY_MILK_171.png
172,6901234561722,Yogurt Drink 172,YOGURT_DRINK_172,330ml,13.90,true,6901234561722_YOGURT_DRINK_172.svg,D:\Document\college design\barcode_image_generator\output\barcodes\svg\6901234561722_YOGURT_DRINK_172.svg,6901234561722_YOGURT_DRINK_172.png,D:\Document\college design\barcode_image_generator\output\barcodes\png\6901234561722_YOGURT_DRINK_172.png
173,6901234561739,Chocolate Bar 173,CHOCOLATE_BAR_173,500ml,14.85,true,6901234561739_CHOCOLATE_BAR_173.svg,D:\Document\college design\barcode_image_generator\output\barcodes\svg\6901234561739_CHOCOLATE_BAR_173.svg,6901234561739_CHOCOLATE_BAR_173.png,D:\Document\college design\barcode_image_generator\output\barcodes\png\6901234561739_CHOCOLATE_BAR_173.png
174,6901234561746,Toothpaste 174,TOOTHPASTE_174,1L,15.80,true,6901234561746_TOOTHPASTE_174.svg,D:\Document\college design\barcode_image_generator\output\barcodes\svg\6901234561746_TOOTHPASTE_174.svg,6901234561746_TOOTHPASTE_174.png,D:\Document\college design\barcode_image_generator\output\barcodes\png\6901234561746_TOOTHPASTE_174.png
175,6901234561753,Laundry Detergent 175,LAUNDRY_DETERGENT_175,1.5L,16.75,true,6901234561753_LAUNDRY_DETERGENT_175.svg,D:\Document\college design\barcode_image_generator\output\barcodes\svg\6901234561753_LAUNDRY_DETERGENT_175.svg,6901234561753_LAUNDRY_DETERGENT_175.png,D:\Document\college design\barcode_image_generator\output\barcodes\png\6901234561753_LAUNDRY_DETERGENT_175.png
176,6901234561760,Hand Wash 176,HAND_WASH_176,200g,17.70,true,6901234561760_HAND_WASH_176.svg,D:\Document\college design\barcode_image_generator\output\barcodes\svg\6901234561760_HAND_WASH_176.svg,6901234561760_HAND_WASH_176.png,D:\Document\college design\barcode_image_generator\output\barcodes\png\6901234561760_HAND_WASH_176.png
177,6901234561777,Facial Tissue 177,FACIAL_TISSUE_177,500g,18.65,true,6901234561777_FACIAL_TISSUE_177.svg,D:\Document\college design\barcode_image_generator\output\barcodes\svg\6901234561777_FACIAL_TISSUE_177.svg,6901234561777_FACIAL_TISSUE_177.png,D:\Document\college design\barcode_image_generator\output\barcodes\png\6901234561777_FACIAL_TISSUE_177.png
178,6901234561784,Wet Wipes 178,WET_WIPES_178,750g,19.60,true,6901234561784_WET_WIPES_178.svg,D:\Document\college design\barcode_image_generator\output\barcodes\svg\6901234561784_WET_WIPES_178.svg,6901234561784_WET_WIPES_178.png,D:\Document\college design\barcode_image_generator\output\barcodes\png\6901234561784_WET_WIPES_178.png
179,6901234561791,Cooking Oil 179,COOKING_OIL_179,1kg,20.55,true,6901234561791_COOKING_OIL_179.svg,D:\Document\college design\barcode_image_generator\output\barcodes\svg\6901234561791_COOKING_OIL_179.svg,6901234561791_COOKING_OIL_179.png,D:\Document\college design\barcode_image_generator\output\barcodes\png\6901234561791_COOKING_OIL_179.png
180,6901234561807,Soy Sauce 180,SOY_SAUCE_180,12pcs,21.50,true,6901234561807_SOY_SAUCE_180.svg,D:\Document\college design\barcode_image_generator\output\barcodes\svg\6901234561807_SOY_SAUCE_180.svg,6901234561807_SOY_SAUCE_180.png,D:\Document\college design\barcode_image_generator\output\barcodes\png\6901234561807_SOY_SAUCE_180.png
181,6901234561814,Mineral Water 181,MINERAL_WATER_181,250ml,3.45,true,6901234561814_MINERAL_WATER_181.svg,D:\Document\college design\barcode_image_generator\output\barcodes\svg\6901234561814_MINERAL_WATER_181.svg,6901234561814_MINERAL_WATER_181.png,D:\Document\college design\barcode_image_generator\output\barcodes\png\6901234561814_MINERAL_WATER_181.png
182,6901234561821,Pure Milk 182,PURE_MILK_182,330ml,4.40,true,6901234561821_PURE_MILK_182.svg,D:\Document\college design\barcode_image_generator\output\barcodes\svg\6901234561821_PURE_MILK_182.svg,6901234561821_PURE_MILK_182.png,D:\Document\college design\barcode_image_generator\output\barcodes\png\6901234561821_PURE_MILK_182.png
183,6901234561838,Instant Noodles 183,INSTANT_NOODLES_183,500ml,5.35,true,6901234561838_INSTANT_NOODLES_183.svg,D:\Document\college design\barcode_image_generator\output\barcodes\svg\6901234561838_INSTANT_NOODLES_183.svg,6901234561838_INSTANT_NOODLES_183.png,D:\Document\college design\barcode_image_generator\output\barcodes\png\6901234561838_INSTANT_NOODLES_183.png
184,6901234561845,Red Bull 184,RED_BULL_184,1L,6.30,true,6901234561845_RED_BULL_184.svg,D:\Document\college design\barcode_image_generator\output\barcodes\svg\6901234561845_RED_BULL_184.svg,6901234561845_RED_BULL_184.png,D:\Document\college design\barcode_image_generator\output\barcodes\png\6901234561845_RED_BULL_184.png
185,6901234561852,Shampoo 185,SHAMPOO_185,1.5L,7.25,true,6901234561852_SHAMPOO_185.svg,D:\Document\college design\barcode_image_generator\output\barcodes\svg\6901234561852_SHAMPOO_185.svg,6901234561852_SHAMPOO_185.png,D:\Document\college design\barcode_image_generator\output\barcodes\png\6901234561852_SHAMPOO_185.png
186,6901234561869,Biscuits 186,BISCUITS_186,200g,8.20,true,6901234561869_BISCUITS_186.svg,D:\Document\college design\barcode_image_generator\output\barcodes\svg\6901234561869_BISCUITS_186.svg,6901234561869_BISCUITS_186.png,D:\Document\college design\barcode_image_generator\output\barcodes\png\6901234561869_BISCUITS_186.png
187,6901234561876,Potato Chips 187,POTATO_CHIPS_187,500g,9.15,true,6901234561876_POTATO_CHIPS_187.svg,D:\Document\college design\barcode_image_generator\output\barcodes\svg\6901234561876_POTATO_CHIPS_187.svg,6901234561876_POTATO_CHIPS_187.png,D:\Document\college design\barcode_image_generator\output\barcodes\png\6901234561876_POTATO_CHIPS_187.png
188,6901234561883,Green Tea 188,GREEN_TEA_188,750g,10.10,true,6901234561883_GREEN_TEA_188.svg,D:\Document\college design\barcode_image_generator\output\barcodes\svg\6901234561883_GREEN_TEA_188.svg,6901234561883_GREEN_TEA_188.png,D:\Document\college design\barcode_image_generator\output\barcodes\png\6901234561883_GREEN_TEA_188.png
189,6901234561890,Black Tea 189,BLACK_TEA_189,1kg,11.05,true,6901234561890_BLACK_TEA_189.svg,D:\Document\college design\barcode_image_generator\output\barcodes\svg\6901234561890_BLACK_TEA_189.svg,6901234561890_BLACK_TEA_189.png,D:\Document\college design\barcode_image_generator\output\barcodes\png\6901234561890_BLACK_TEA_189.png
190,6901234561906,Orange Juice 190,ORANGE_JUICE_190,12pcs,12.00,true,6901234561906_ORANGE_JUICE_190.svg,D:\Document\college design\barcode_image_generator\output\barcodes\svg\6901234561906_ORANGE_JUICE_190.svg,6901234561906_ORANGE_JUICE_190.png,D:\Document\college design\barcode_image_generator\output\barcodes\png\6901234561906_ORANGE_JUICE_190.png
191,6901234561913,Soy Milk 191,SOY_MILK_191,250ml,12.95,true,6901234561913_SOY_MILK_191.svg,D:\Document\college design\barcode_image_generator\output\barcodes\svg\6901234561913_SOY_MILK_191.svg,6901234561913_SOY_MILK_191.png,D:\Document\college design\barcode_image_generator\output\barcodes\png\6901234561913_SOY_MILK_191.png
192,6901234561920,Yogurt Drink 192,YOGURT_DRINK_192,330ml,13.90,true,6901234561920_YOGURT_DRINK_192.svg,D:\Document\college design\barcode_image_generator\output\barcodes\svg\6901234561920_YOGURT_DRINK_192.svg,6901234561920_YOGURT_DRINK_192.png,D:\Document\college design\barcode_image_generator\output\barcodes\png\6901234561920_YOGURT_DRINK_192.png
193,6901234561937,Chocolate Bar 193,CHOCOLATE_BAR_193,500ml,14.85,true,6901234561937_CHOCOLATE_BAR_193.svg,D:\Document\college design\barcode_image_generator\output\barcodes\svg\6901234561937_CHOCOLATE_BAR_193.svg,6901234561937_CHOCOLATE_BAR_193.png,D:\Document\college design\barcode_image_generator\output\barcodes\png\6901234561937_CHOCOLATE_BAR_193.png
194,6901234561944,Toothpaste 194,TOOTHPASTE_194,1L,15.80,true,6901234561944_TOOTHPASTE_194.svg,D:\Document\college design\barcode_image_generator\output\barcodes\svg\6901234561944_TOOTHPASTE_194.svg,6901234561944_TOOTHPASTE_194.png,D:\Document\college design\barcode_image_generator\output\barcodes\png\6901234561944_TOOTHPASTE_194.png
195,6901234561951,Laundry Detergent 195,LAUNDRY_DETERGENT_195,1.5L,16.75,true,6901234561951_LAUNDRY_DETERGENT_195.svg,D:\Document\college design\barcode_image_generator\output\barcodes\svg\6901234561951_LAUNDRY_DETERGENT_195.svg,6901234561951_LAUNDRY_DETERGENT_195.png,D:\Document\college design\barcode_image_generator\output\barcodes\png\6901234561951_LAUNDRY_DETERGENT_195.png
196,6901234561968,Hand Wash 196,HAND_WASH_196,200g,17.70,true,6901234561968_HAND_WASH_196.svg,D:\Document\college design\barcode_image_generator\output\barcodes\svg\6901234561968_HAND_WASH_196.svg,6901234561968_HAND_WASH_196.png,D:\Document\college design\barcode_image_generator\output\barcodes\png\6901234561968_HAND_WASH_196.png
197,6901234561975,Facial Tissue 197,FACIAL_TISSUE_197,500g,18.65,true,6901234561975_FACIAL_TISSUE_197.svg,D:\Document\college design\barcode_image_generator\output\barcodes\svg\6901234561975_FACIAL_TISSUE_197.svg,6901234561975_FACIAL_TISSUE_197.png,D:\Document\college design\barcode_image_generator\output\barcodes\png\6901234561975_FACIAL_TISSUE_197.png
198,6901234561982,Wet Wipes 198,WET_WIPES_198,750g,19.60,true,6901234561982_WET_WIPES_198.svg,D:\Document\college design\barcode_image_generator\output\barcodes\svg\6901234561982_WET_WIPES_198.svg,6901234561982_WET_WIPES_198.png,D:\Document\college design\barcode_image_generator\output\barcodes\png\6901234561982_WET_WIPES_198.png
199,6901234561999,Cooking Oil 199,COOKING_OIL_199,1kg,20.55,true,6901234561999_COOKING_OIL_199.svg,D:\Document\college design\barcode_image_generator\output\barcodes\svg\6901234561999_COOKING_OIL_199.svg,6901234561999_COOKING_OIL_199.png,D:\Document\college design\barcode_image_generator\output\barcodes\png\6901234561999_COOKING_OIL_199.png
200,6901234562002,Soy Sauce 200,SOY_SAUCE_200,12pcs,21.50,true,6901234562002_SOY_SAUCE_200.svg,D:\Document\college design\barcode_image_generator\output\barcodes\svg\6901234562002_SOY_SAUCE_200.svg,6901234562002_SOY_SAUCE_200.png,D:\Document\college design\barcode_image_generator\output\barcodes\png\6901234562002_SOY_SAUCE_200.png
