code_id,name,qt_label,spec,price,enabled
001,Mineral Water 1,MINERAL_WATER_1,250ml,3.45,true
002,Pure Milk 2,PURE_MILK_2,330ml,4.40,true
003,Instant Noodles 3,INSTANT_NOODLES_3,500ml,5.35,true
004,Red Bull 4,RED_BULL_4,1L,6.30,true
005,Shampoo 5,SHAMPOO_5,1.5L,7.25,true
006,Biscuits 6,BISCUITS_6,200g,8.20,true
007,Potato Chips 7,POTATO_CHIPS_7,500g,9.15,true
008,Green Tea 8,GREEN_TEA_8,750g,10.10,true
009,Black Tea 9,BLACK_TEA_9,1kg,11.05,true
010,Orange Juice 10,ORANGE_JUICE_10,12pcs,12.00,true
011,Soy Milk 11,SOY_MILK_11,250ml,12.95,true
012,Yogurt Drink 12,YOGURT_DRINK_12,330ml,13.90,true
013,Chocolate Bar 13,CHOCOLATE_BAR_13,500ml,14.85,true
014,Toothpaste 14,TOOTHPASTE_14,1L,15.80,true
015,Laundry Detergent 15,LAUNDRY_DETERGENT_15,1.5L,16.75,true
016,Hand Wash 16,HAND_WASH_16,200g,17.70,true
017,Facial Tissue 17,FACIAL_TISSUE_17,500g,18.65,true
018,Wet Wipes 18,WET_WIPES_18,750g,19.60,true
019,Cooking Oil 19,COOKING_OIL_19,1kg,20.55,true
020,Soy Sauce 20,SOY_SAUCE_20,12pcs,21.50,true
021,Mineral Water 21,MINERAL_WATER_21,250ml,22.45,true
022,Pure Milk 22,PURE_MILK_22,330ml,23.40,true
023,Instant Noodles 23,INSTANT_NOODLES_23,500ml,24.35,true
024,Red Bull 24,RED_BULL_24,1L,25.30,true
025,Shampoo 25,SHAMPOO_25,1.5L,26.25,true
026,Biscuits 26,BISCUITS_26,200g,27.20,true
027,Potato Chips 27,POTATO_CHIPS_27,500g,28.15,true
028,Green Tea 28,GREEN_TEA_28,750g,29.10,true
029,Black Tea 29,BLACK_TEA_29,1kg,30.05,true
030,Orange Juice 30,ORANGE_JUICE_30,12pcs,31.00,true
031,Soy Milk 31,SOY_MILK_31,250ml,31.95,true
032,Yogurt Drink 32,YOGURT_DRINK_32,330ml,32.90,true
033,Chocolate Bar 33,CHOCOLATE_BAR_33,500ml,33.85,true
034,Toothpaste 34,TOOTHPASTE_34,1L,34.80,true
035,Laundry Detergent 35,LAUNDRY_DETERGENT_35,1.5L,35.75,true
036,Hand Wash 36,HAND_WASH_36,200g,36.70,true
037,Facial Tissue 37,FACIAL_TISSUE_37,500g,37.65,true
038,Wet Wipes 38,WET_WIPES_38,750g,38.60,true
039,Cooking Oil 39,COOKING_OIL_39,1kg,39.55,true
040,Soy Sauce 40,SOY_SAUCE_40,12pcs,40.50,true
041,Mineral Water 41,MINERAL_WATER_41,250ml,3.45,true
042,Pure Milk 42,PURE_MILK_42,330ml,4.40,true
043,Instant Noodles 43,INSTANT_NOODLES_43,500ml,5.35,true
044,Red Bull 44,RED_BULL_44,1L,6.30,true
045,Shampoo 45,SHAMPOO_45,1.5L,7.25,true
046,Biscuits 46,BISCUITS_46,200g,8.20,true
047,Potato Chips 47,POTATO_CHIPS_47,500g,9.15,true
048,Green Tea 48,GREEN_TEA_48,750g,10.10,true
049,Black Tea 49,BLACK_TEA_49,1kg,11.05,true
050,Orange Juice 50,ORANGE_JUICE_50,12pcs,12.00,true
051,Soy Milk 51,SOY_MILK_51,250ml,12.95,true
052,Yogurt Drink 52,YOGURT_DRINK_52,330ml,13.90,true
053,Chocolate Bar 53,CHOCOLATE_BAR_53,500ml,14.85,true
054,Toothpaste 54,TOOTHPASTE_54,1L,15.80,true
055,Laundry Detergent 55,LAUNDRY_DETERGENT_55,1.5L,16.75,true
056,Hand Wash 56,HAND_WASH_56,200g,17.70,true
057,Facial Tissue 57,FACIAL_TISSUE_57,500g,18.65,true
058,Wet Wipes 58,WET_WIPES_58,750g,19.60,true
059,Cooking Oil 59,COOKING_OIL_59,1kg,20.55,true
060,Soy Sauce 60,SOY_SAUCE_60,12pcs,21.50,true
061,Mineral Water 61,MINERAL_WATER_61,250ml,22.45,true
062,Pure Milk 62,PURE_MILK_62,330ml,23.40,true
063,Instant Noodles 63,INSTANT_NOODLES_63,500ml,24.35,true
064,Red Bull 64,RED_BULL_64,1L,25.30,true
065,Shampoo 65,SHAMPOO_65,1.5L,26.25,true
066,Biscuits 66,BISCUITS_66,200g,27.20,true
067,Potato Chips 67,POTATO_CHIPS_67,500g,28.15,true
068,Green Tea 68,GREEN_TEA_68,750g,29.10,true
069,Black Tea 69,BLACK_TEA_69,1kg,30.05,true
070,Orange Juice 70,ORANGE_JUICE_70,12pcs,31.00,true
071,Soy Milk 71,SOY_MILK_71,250ml,31.95,true
072,Yogurt Drink 72,YOGURT_DRINK_72,330ml,32.90,true
073,Chocolate Bar 73,CHOCOLATE_BAR_73,500ml,33.85,true
074,Toothpaste 74,TOOTHPASTE_74,1L,34.80,true
075,Laundry Detergent 75,LAUNDRY_DETERGENT_75,1.5L,35.75,true
076,Hand Wash 76,HAND_WASH_76,200g,36.70,true
077,Facial Tissue 77,FACIAL_TISSUE_77,500g,37.65,true
078,Wet Wipes 78,WET_WIPES_78,750g,38.60,true
079,Cooking Oil 79,COOKING_OIL_79,1kg,39.55,true
080,Soy Sauce 80,SOY_SAUCE_80,12pcs,40.50,true
081,Mineral Water 81,MINERAL_WATER_81,250ml,3.45,true
082,Pure Milk 82,PURE_MILK_82,330ml,4.40,true
083,Instant Noodles 83,INSTANT_NOODLES_83,500ml,5.35,true
084,Red Bull 84,RED_BULL_84,1L,6.30,true
085,Shampoo 85,SHAMPOO_85,1.5L,7.25,true
086,Biscuits 86,BISCUITS_86,200g,8.20,true
087,Potato Chips 87,POTATO_CHIPS_87,500g,9.15,true
088,Green Tea 88,GREEN_TEA_88,750g,10.10,true
089,Black Tea 89,BLACK_TEA_89,1kg,11.05,true
090,Orange Juice 90,ORANGE_JUICE_90,12pcs,12.00,true
091,Soy Milk 91,SOY_MILK_91,250ml,12.95,true
092,Yogurt Drink 92,YOGURT_DRINK_92,330ml,13.90,true
093,Chocolate Bar 93,CHOCOLATE_BAR_93,500ml,14.85,true
094,Toothpaste 94,TOOTHPASTE_94,1L,15.80,true
095,Laundry Detergent 95,LAUNDRY_DETERGENT_95,1.5L,16.75,true
096,Hand Wash 96,HAND_WASH_96,200g,17.70,true
097,Facial Tissue 97,FACIAL_TISSUE_97,500g,18.65,true
098,Wet Wipes 98,WET_WIPES_98,750g,19.60,true
099,Cooking Oil 99,COOKING_OIL_99,1kg,20.55,true
100,Soy Sauce 100,SOY_SAUCE_100,12pcs,21.50,true
101,Mineral Water 101,MINERAL_WATER_101,250ml,22.45,true
102,Pure Milk 102,PURE_MILK_102,330ml,23.40,true
103,Instant Noodles 103,INSTANT_NOODLES_103,500ml,24.35,true
104,Red Bull 104,RED_BULL_104,1L,25.30,true
105,Shampoo 105,SHAMPOO_105,1.5L,26.25,true
106,Biscuits 106,BISCUITS_106,200g,27.20,true
107,Potato Chips 107,POTATO_CHIPS_107,500g,28.15,true
108,Green Tea 108,GREEN_TEA_108,750g,29.10,true
109,Black Tea 109,BLACK_TEA_109,1kg,30.05,true
110,Orange Juice 110,ORANGE_JUICE_110,12pcs,31.00,true
111,Soy Milk 111,SOY_MILK_111,250ml,31.95,true
112,Yogurt Drink 112,YOGURT_DRINK_112,330ml,32.90,true
113,Chocolate Bar 113,CHOCOLATE_BAR_113,500ml,33.85,true
114,Toothpaste 114,TOOTHPASTE_114,1L,34.80,true
115,Laundry Detergent 115,LAUNDRY_DETERGENT_115,1.5L,35.75,true
116,Hand Wash 116,HAND_WASH_116,200g,36.70,true
117,Facial Tissue 117,FACIAL_TISSUE_117,500g,37.65,true
118,Wet Wipes 118,WET_WIPES_118,750g,38.60,true
119,Cooking Oil 119,COOKING_OIL_119,1kg,39.55,true
120,Soy Sauce 120,SOY_SAUCE_120,12pcs,40.50,true
121,Mineral Water 121,MINERAL_WATER_121,250ml,3.45,true
122,Pure Milk 122,PURE_MILK_122,330ml,4.40,true
123,Instant Noodles 123,INSTANT_NOODLES_123,500ml,5.35,true
124,Red Bull 124,RED_BULL_124,1L,6.30,true
125,Shampoo 125,SHAMPOO_125,1.5L,7.25,true
126,Biscuits 126,BISCUITS_126,200g,8.20,true
127,Potato Chips 127,POTATO_CHIPS_127,500g,9.15,true
128,Green Tea 128,GREEN_TEA_128,750g,10.10,true
129,Black Tea 129,BLACK_TEA_129,1kg,11.05,true
130,Orange Juice 130,ORANGE_JUICE_130,12pcs,12.00,true
131,Soy Milk 131,SOY_MILK_131,250ml,12.95,true
132,Yogurt Drink 132,YOGURT_DRINK_132,330ml,13.90,true
133,Chocolate Bar 133,CHOCOLATE_BAR_133,500ml,14.85,true
134,Toothpaste 134,TOOTHPASTE_134,1L,15.80,true
135,Laundry Detergent 135,LAUNDRY_DETERGENT_135,1.5L,16.75,true
136,Hand Wash 136,HAND_WASH_136,200g,17.70,true
137,Facial Tissue 137,FACIAL_TISSUE_137,500g,18.65,true
138,Wet Wipes 138,WET_WIPES_138,750g,19.60,true
139,Cooking Oil 139,COOKING_OIL_139,1kg,20.55,true
140,Soy Sauce 140,SOY_SAUCE_140,12pcs,21.50,true
141,Mineral Water 141,MINERAL_WATER_141,250ml,22.45,true
142,Pure Milk 142,PURE_MILK_142,330ml,23.40,true
143,Instant Noodles 143,INSTANT_NOODLES_143,500ml,24.35,true
144,Red Bull 144,RED_BULL_144,1L,25.30,true
145,Shampoo 145,SHAMPOO_145,1.5L,26.25,true
146,Biscuits 146,BISCUITS_146,200g,27.20,true
147,Potato Chips 147,POTATO_CHIPS_147,500g,28.15,true
148,Green Tea 148,GREEN_TEA_148,750g,29.10,true
149,Black Tea 149,BLACK_TEA_149,1kg,30.05,true
150,Orange Juice 150,ORANGE_JUICE_150,12pcs,31.00,true
151,Soy Milk 151,SOY_MILK_151,250ml,31.95,true
152,Yogurt Drink 152,YOGURT_DRINK_152,330ml,32.90,true
153,Chocolate Bar 153,CHOCOLATE_BAR_153,500ml,33.85,true
154,Toothpaste 154,TOOTHPASTE_154,1L,34.80,true
155,Laundry Detergent 155,LAUNDRY_DETERGENT_155,1.5L,35.75,true
156,Hand Wash 156,HAND_WASH_156,200g,36.70,true
157,Facial Tissue 157,FACIAL_TISSUE_157,500g,37.65,true
158,Wet Wipes 158,WET_WIPES_158,750g,38.60,true
159,Cooking Oil 159,COOKING_OIL_159,1kg,39.55,true
160,Soy Sauce 160,SOY_SAUCE_160,12pcs,40.50,true
161,Mineral Water 161,MINERAL_WATER_161,250ml,3.45,true
162,Pure Milk 162,PURE_MILK_162,330ml,4.40,true
163,Instant Noodles 163,INSTANT_NOODLES_163,500ml,5.35,true
164,Red Bull 164,RED_BULL_164,1L,6.30,true
165,Shampoo 165,SHAMPOO_165,1.5L,7.25,true
166,Biscuits 166,BISCUITS_166,200g,8.20,true
167,Potato Chips 167,POTATO_CHIPS_167,500g,9.15,true
168,Green Tea 168,GREEN_TEA_168,750g,10.10,true
169,Black Tea 169,BLACK_TEA_169,1kg,11.05,true
170,Orange Juice 170,ORANGE_JUICE_170,12pcs,12.00,true
171,Soy Milk 171,SOY_MILK_171,250ml,12.95,true
172,Yogurt Drink 172,YOGURT_DRINK_172,330ml,13.90,true
173,Chocolate Bar 173,CHOCOLATE_BAR_173,500ml,14.85,true
174,Toothpaste 174,TOOTHPASTE_174,1L,15.80,true
175,Laundry Detergent 175,LAUNDRY_DETERGENT_175,1.5L,16.75,true
176,Hand Wash 176,HAND_WASH_176,200g,17.70,true
177,Facial Tissue 177,FACIAL_TISSUE_177,500g,37.65,true
178,Wet Wipes 178,WET_WIPES_178,750g,38.60,true
179,Cooking Oil 179,COOKING_OIL_179,1kg,39.55,true
180,Soy Sauce 180,SOY_SAUCE_180,12pcs,40.50,true
181,Mineral Water 181,MINERAL_WATER_181,250ml,22.45,true
182,Pure Milk 182,PURE_MILK_182,330ml,23.40,true
183,Instant Noodles 183,INSTANT_NOODLES_183,500ml,24.35,true
184,Red Bull 184,RED_BULL_184,1L,25.30,true
185,Shampoo 185,SHAMPOO_185,1.5L,26.25,true
186,Biscuits 186,BISCUITS_186,200g,27.20,true
187,Potato Chips 187,POTATO_CHIPS_187,500g,28.15,true
188,Green Tea 188,GREEN_TEA_188,750g,29.10,true
189,Black Tea 189,BLACK_TEA_189,1kg,30.05,true
190,Orange Juice 190,ORANGE_JUICE_190,12pcs,31.00,true
191,Soy Milk 191,SOY_MILK_191,250ml,31.95,true
192,Yogurt Drink 192,YOGURT_DRINK_192,330ml,32.90,true
193,Chocolate Bar 193,CHOCOLATE_BAR_193,500ml,33.85,true
194,Toothpaste 194,TOOTHPASTE_194,1L,34.80,true
195,Laundry Detergent 195,LAUNDRY_DETERGENT_195,1.5L,35.75,true
196,Hand Wash 196,HAND_WASH_196,200g,36.70,true
197,Facial Tissue 197,FACIAL_TISSUE_197,500g,37.65,true
198,Wet Wipes 198,WET_WIPES_198,750g,38.60,true
199,Cooking Oil 199,COOKING_OIL_199,1kg,39.55,true
200,Soy Sauce 200,SOY_SAUCE_200,12pcs,40.50,true